"ID","Season","Site","N2.Amp","perN","del15N","CO2.Amp","perC","del13C","Weight..mg..1","SO2.Area","perS","del34S","weight..mg.","H2.Amp","perH","del2H","CO.Amp","perO","del18O"
"1-1 MDS","Summer","MDS",2404,5.58,14.32,1566,25.64,-30.46,3.227,4.185,0.66,-5.31,0.4,5119,4.32,-84.21,3230,26.23,9.87
"1-10 MDS","Summer","MDS",3102,6.72,15.23,1752,26.85,-30.65,3.106,3.466,0.57,-5.02,0.44,6613,5.11,-94.63,4237,33.34,6.15
"1-11 MDS","Summer","MDS",1886,4.92,14.66,1182,21.49,-30.1,3.034,2.221,0.37,-4.9,0.48,7359,5.03,-89.48,4352,30.36,9.68
"1-12 MDS","Summer","MDS",2344,6.73,15.23,1372,27.56,-30.15,3.025,4.319,0.73,-5.73,0.44,7024,5.27,-94.51,3824,28.94,8.94
"1-13 MDS","Summer","MDS",2355,6.3,14.78,1385,25.96,-30.51,3.109,2.666,0.44,-5.02,0.43,7207,5.56,-86.2,4063,31.54,13.44
"1-14 MDS","Summer","MDS",2125,5.48,14.19,1475,26.64,-30.6,3.206,3.202,0.51,-4.96,0.43,8438,6.4,-91.6,4953,38.62,12.15
"1-15 MDS","Summer","MDS",2843,6.85,15.18,1800,30.72,-30.79,3.05,3.078,0.52,-5.34,0.49,8805,5.81,-93.69,4251,29.18,7.32
"1-16 MDS","Summer","MDS",2180,5.9,14.36,1468,27.89,-30.28,3.111,3.928,0.65,-5.04,0.42,5702,4.38,-85.43,3734,28.79,12.29
"1-17 MDS","Summer","MDS",1650,3.86,14.14,1184,19.18,-30.07,3.332,3.295,0.51,-5.12,0.41,7446,5.9,-91.33,4235,34.3,11.78
"1-18 MDS","Summer","MDS",2883,7.09,14.45,1660,28.86,-30.37,3.511,5.278,0.77,-5.04,0.48,6086,4.13,-98.4,3672,25.36,8.65
"1-19 MDS","Summer","MDS",3660,8.61,15.22,2186,36.63,-30.51,3.442,4.693,0.69,-5.18,0.48,8071,5.48,-89.32,4694,32.56,15.72
"1-2 MDS","Summer","MDS",1866,4.68,15.68,1414,24.95,-30.73,3.238,3.066,0.48,-5.19,0.43,6121,4.86,-80.44,3903,29.84,13.53
"1-20 MDS","Summer","MDS",3209,8.04,15.47,1818,32.25,-31.04,2.96,3.525,0.6,-5.1,0.44,7735,5.65,-94.67,3982,30.05,9.17
"1-3 MDS","Summer","MDS",1684,4.41,14.51,1058,19.36,-29.76,3.206,2.787,0.44,-4.5,0.48,6873,4.89,-87.83,4101,28.67,10.8
"1-4 MDS","Summer","MDS",1356,3.64,15.33,984,18.3,-30.7,2.941,2.2,0.38,-5.08,0.45,5217,3.92,-90.12,3392,24.8,10.87
"1-5 MDS","Summer","MDS",1032,2.83,14.41,657,12.33,-29.3,3.066,3.141,0.52,-5.21,0.49,5477,3.87,-94.22,3876,26.56,7.55
"1-6 MDS","Summer","MDS",1956,4.45,13.37,1481,23.54,-30.28,3.22,2.621,0.42,-5.06,0.45,5619,4.23,-83.93,3785,28.6,8.85
"1-7 MDS","Summer","MDS",1714,4.79,14.43,1150,22.33,-30.33,3.152,3.255,0.53,-5.48,0.41,5618,4.74,-86.67,3773,32.22,8.37
"1-8 MDS","Summer","MDS",2270,6.46,13.47,1710,34.23,-30.91,2.934,2.341,0.4,-5.35,0.44,7896,6.1,-89.86,4223,34.19,6.92
"1-9 MDS","Summer","MDS",1937,5.38,14.71,1250,24.2,-30.22,3.255,3.149,0.49,-5.34,0.44,5624,4.39,-88.24,3562,28.3,7.4
"10-1 TDS","Fall","TDS",2695,7.89,12.57,1503,30.63,-31.2,2.722,2.35,0.38,-8.02,0.38,5717,3.89,-115.32,2466,22.49,13.53
"10-10 TDS","Fall","TDS",2136,5.96,12.22,1348,26.26,-30.99,2.005,2.163,0.48,-8.17,0.39,6295,4.16,-106.26,3086,27.38,13.26
"10-11 TDS","Fall","TDS",1304,4.14,12.24,1076,23.5,-31.37,3.149,2.133,0.3,-8,0.4,7754,4.89,-106.91,3659,31.87,17.42
"10-13 TDS","Fall","TDS",3281,10.24,12.01,2001,43.94,-31.69,2.172,1.932,0.39,-8.99,0.45,9633,5.46,-116.1,3860,30.59,21.03
"10-14 TDS","Fall","TDS",2109,6.42,12.48,1726,36.7,-31.92,3.33,2.277,0.3,-9.23,0.42,8389,5.04,-107.24,3813,31.75,20.73
"10-15 TDS","Fall","TDS",2190,6.64,12.37,1887,40.08,-32.15,3.098,2.296,0.33,-8.77,0.43,9438,5.54,-116.9,4090,33.1,20.45
"10-16 TDS","Fall","TDS",2637,7.82,12.31,2049,42.68,-32.09,2.465,1.684,0.3,-8.2,0.41,9557,5.91,-119.76,3842,32.56,19.9
"10-17 TDS","Fall","TDS",1394,4.3,12.28,1652,35.17,-32.19,2.995,1.401,0.21,-8.8,0.45,8711,5.01,-123.12,4014,31.15,21.94
"10-18 TDS","Fall","TDS",2039,6.43,12.71,1623,36.32,-31.49,2.557,1.564,0.27,-9.21,0.44,7099,4.15,-104.91,3370,26.83,16.09
"10-19 TDS","Fall","TDS",1836,5.81,11.75,1561,34.16,-31.85,2.508,1.301,0.23,-8.27,0.4,7647,4.93,-119.93,3620,32.06,19.45
"10-2 TDS","Fall","TDS",3513,10.8,12.21,2019,43.61,-31.63,2.528,2.268,0.4,-8.96,0.45,10262,5.77,-118.46,3899,30.04,19.84
"10-20 TDS","Fall","TDS",4128,11.23,12.42,2300,44.37,-31.91,2.042,1.831,0.4,-9.12,0.38,8746,5.92,-119.14,2855,26.04,17.17
"10-3 TDS","Fall","TDS",1505,4.49,12.43,1671,34.77,-32.02,2.166,1.325,0.27,-7.37,0.37,7251,5.07,-111.67,3381,31.46,18.95
"10-4 TDS","Fall","TDS",2056,5.77,12.42,1870,36.6,-32.33,2.99,2.585,0.38,-8.49,0.36,8414,5.98,-119.69,3439,33.76,19.05
"10-6 TDS","Fall","TDS",2866,8.21,12.42,1992,40.12,-32.07,2.493,2.057,0.36,-8.37,0.38,7800,5.2,-125.68,3374,30.62,19.1
"10-8 TDS","Fall","TDS",1900,5.59,11.86,1758,36.08,-31.69,3.201,2.215,0.3,-9.13,0.38,6972,4.66,-112.59,3258,29.45,19.99
"10-9 TDS","Fall","TDS",1926,5.79,12.31,1613,33.85,-31.63,2.352,2.119,0.4,-9.03,0.39,7320,4.73,-122.93,3332,29.57,18.33
"11-10 PDS","Fall","PDS",1459,4.68,12.06,1068,23.97,-28.59,3.177,1.579,0.22,-5.95,0.35,6112,4.38,-89.89,3164,30.85,15.91
"11-11 PDS","Fall","PDS",2377,6.7,11.81,1373,27.55,-28.59,3.092,2.793,0.4,-6.89,0.43,8021,4.63,-96.68,3387,27.3,13.36
"11-12 PDS","Fall","PDS",1264,3.23,12.78,732,12.92,-26.99,1.986,1.177,0.26,-5.13,0.36,5553,3.94,-105.24,2589,24.88,11.65
"11-13 PDS","Fall","PDS",2558,7.1,12.16,1630,31.96,-28.68,2.038,1.449,0.31,-6.13,0.39,6895,4.5,-96.14,3092,28.46,15.38
"11-14 PDS","Fall","PDS",1205,3.69,12.14,712,15.15,-27.74,2.533,1.58,0.27,-7.14,0.43,7127,4.23,-98.89,3422,28.23,14.3
"11-15 PDS","Fall","PDS",3076,8.14,11.91,1932,36.9,-28.72,1.999,2.389,0.52,-6.92,0.4,6854,4.29,-89.73,3025,27.54,15.24
"11-16 PDS","Fall","PDS",2158,6.31,12.01,1514,31.25,-28.95,2.54,4.602,0.8,-6.94,0.4,8191,5.26,-97.2,3762,34.2,16.92
"11-17 PDS","Fall","PDS",2873,8.28,11.98,1677,34.26,-28.64,2.193,2.122,0.43,-6.44,0.38,7632,5.13,-95.96,3141,30.83,14.95
"11-18 PDS","Fall","PDS",2654,7.75,12.07,1508,31.47,-28.52,2,2.71,0.6,-6.76,0.4,9202,5.69,-95.49,3760,33.01,13.18
"11-19 PDS","Fall","PDS",3530,10.3,11.82,1950,40.88,-28.99,2.422,2.724,0.49,-6.48,0.43,8270,4.9,-100.67,3162,25.76,13
"11-20 PDS","Fall","PDS",3319,8.99,13.49,1670,32.35,-28.6,3.151,2.86,0.4,-6.86,0.36,6974,4.88,-97.46,2735,26.49,13.83
"11-3 PDS","Fall","PDS",2366,7.33,11.53,1790,39.58,-29.29,2.872,2.478,0.38,-6.89,0.43,9555,5.49,-98.47,3922,31.93,22.72
"11-4 PDS","Fall","PDS",2438,7.09,11.54,1937,40.67,-29.38,2.778,2.627,0.42,-7.06,0.38,10212,6.61,-96.83,4109,37.29,22.13
"11-5 PDS","Fall","PDS",2839,8.87,11.5,1634,36.29,-28.63,2.49,2.304,0.41,-6.56,0.39,6739,4.37,-105.39,2776,24.74,16.45
"11-6 PDS","Fall","PDS",2234,6.22,12.18,1321,25.98,-28.39,2.708,2.249,0.37,-6.09,0.41,7862,4.78,-99.68,3176,26.52,15.38
"11-7 PDS","Fall","PDS",3030,8.63,12.03,1721,34.94,-28.7,2.348,2.207,0.41,-5.62,0.46,9285,5.04,-100.55,3631,27.67,16.04
"11-8 PDS","Fall","PDS",2145,6.16,11.88,1272,25.73,-28.3,2.89,2.386,0.36,-6.6,0.42,8311,4.89,-101.58,3326,27.08,15.11
"11-9 PDS","Fall","PDS",1592,5.12,11.69,969,21.96,-28.5,2.417,1.503,0.27,-6.2,0.42,7826,4.63,-103.45,2669,21.79,14.2
"12-1 PUS","Fall","PUS",3343,8.92,13.93,1876,35.9,-28.65,3.603,10.878,0.6,-5.41,0.4,7146,4.61,-100.89,2986,26.91,16.39
"12-10 PUS","Fall","PUS",3178,9.8,14.03,1839,40.41,-28.57,2.132,5.105,0.6,-6.64,0.36,7037,5.04,-98.4,2826,28.38,14.57
"12-11 PUS","Fall","PUS",3646,10.06,13.2,2089,41.52,-28.49,2.083,5.502,0.67,-6.21,0.39,9049,5.89,-97.13,3536,32.32,16.71
"12-12 PUS","Fall","PUS",2386,6.87,13.67,1666,33.96,-28.69,2.135,4.428,0.53,-6.81,0.43,8688,5.13,-98.92,3307,27.75,15.6
"12-13 PUS","Fall","PUS",1338,3.39,13.43,903,15.97,-27.65,2.092,3.894,0.47,-6.02,0.44,7301,4.41,-97.69,3252,26.98,16.31
"12-14 PUS","Fall","PUS",2467,6.76,13.5,1709,33.23,-29.03,2.073,3.349,0.41,-6.19,0.39,8643,5.62,-102.86,3198,29.49,16.03
"12-15 PUS","Fall","PUS",2059,6.06,12.8,1473,30.55,-28.59,2.128,3.518,0.42,-6.13,0.41,7094,4.42,-95.02,3005,26.38,16.23
"12-16 PUS","Fall","PUS",2052,6.42,12.71,1385,30.64,-28.62,2.196,4.833,0.56,-6.21,0.41,8760,5.37,-100.36,3490,30.58,15.38
"12-17 PUS","Fall","PUS",2233,6.11,13.42,1467,28.43,-28.39,2.142,4.563,0.54,-6.54,0.42,8865,5.36,-96.43,3497,29.99,17.53
"12-18 PUS","Fall","PUS",2630,7.87,13.05,1622,34.48,-28.57,2.297,4.715,0.53,-6.47,0.42,9279,5.54,-103.87,3203,27.31,13.35
"12-19 PUS","Fall","PUS",2040,5.46,13.09,1218,23,-28.01,2.339,4.737,0.52,-5.64,0.38,4584,3.17,-105.52,2209,21.03,11.92
"12-2 PUS","Fall","PUS",3314,9.34,12.92,1993,40.42,-28.39,2.383,7.732,0.64,-5.3,0.45,9891,5.66,-94.63,3560,28.53,17.08
"12-20 PUS","Fall","PUS",1940,5.59,12.98,1257,25.45,-28.27,2.072,4.206,0.53,-6.07,0.45,9832,5.58,-96.41,3831,30.85,14.84
"12-3 PUS","Fall","PUS",2592,7.74,13.4,1712,36.51,-28.88,2.039,5.519,0.53,-5.23,0.36,7238,5.13,-93.9,3274,32.84,16.06
"12-4 PUS","Fall","PUS",3387,10.43,12.87,1980,43.91,-28.79,2.148,5.759,0.53,-6.21,0.42,9065,5.47,-96.04,3293,28.48,16.96
"12-5 PUS","Fall","PUS",3308,9.96,13.44,1807,38.97,-28.55,2.156,6.67,0.61,-5.34,0.39,9478,6.3,-105.99,3358,31.91,12.58
"12-6 PUS","Fall","PUS",1698,5.04,13.25,1212,25.29,-28.27,3.09,3.751,0.24,-5.23,0.42,7268,4.46,-99.24,3123,26.88,14.19
"12-7 PUS","Fall","PUS",3010,9.51,13.06,1956,44.05,-29.26,2.038,4.458,0.55,-4.81,0.42,10040,6.17,-94.09,3870,33.49,21.08
"12-8 PUS","Fall","PUS",2123,6.99,13.14,1495,34.78,-28.55,2.099,4.688,0.56,-5.86,0.42,7507,4.62,-93.06,3313,28.61,15.52
"12-9 PUS","Fall","PUS",2213,6.27,13.14,1404,28.03,-28.34,2.046,4.284,0.52,-6.68,0.43,8373,4.95,-98.15,3160,26.56,13.54
"2-1 MUR","Summer","MUR",2307,7.09,12.45,1552,33.55,-29.56,3.358,3.864,0.64,-5.69,0.41,7768,6.04,-106,3854,30.3,15.14
"2-10 MUR","Summer","MUR",4832,12.1,13.31,2437,43.57,-28.92,3.031,3.571,0.65,-5.35,0.41,8378,6.22,-104.55,3731,28.75,11.24
"2-11 MUR","Summer","MUR",2968,7.59,12.07,2307,42.2,-29.32,3.092,3.057,0.54,-6.07,0.45,8867,6,-109.73,4534,32.11,19.21
"2-12 MUR","Summer","MUR",2791,7.44,11.82,2135,40.51,-29.4,3.373,3.232,0.52,-5.84,0.46,9681,6.42,-113.75,5011,34.58,18.91
"2-13 MUR","Summer","MUR",2709,6.84,11.94,2223,40.09,-29.61,3.28,2.874,0.48,-5.76,0.45,9101,6.11,-122.25,4658,32.88,17.47
"2-14 MUR","Summer","MUR",4225,9.16,12.8,2583,40.37,-29.06,3.193,2.711,0.46,-5.51,0.42,7314,5.33,-109.53,4152,31.72,18.61
"2-15 MUR","Summer","MUR",2611,6.86,12.08,2184,41.02,-29.7,3.176,3.494,0.6,-6.17,0.47,8645,5.63,-105.97,5147,35.05,22.31
"2-16 MUR","Summer","MUR",2398,6.65,12.47,2038,40.25,-30.03,3.088,3.258,0.58,-5.86,0.41,8374,6.2,-107.24,4572,34.92,20.54
"2-17 MUR","Summer","MUR",2365,5.52,12.16,2352,39.41,-29.97,3.425,2.848,0.46,-5.45,0.41,7916,5.94,-105.29,4554,35.4,22.34
"2-18 MUR","Summer","MUR",2296,5.25,12.11,2067,33.7,-29.77,3.136,2.89,0.5,-5.86,0.47,8371,5.45,-106.28,5022,34.33,19.96
"2-19 MUR","Summer","MUR",2601,6.6,12.43,2304,41.9,-29.74,3.129,2.668,0.47,-5.24,0.4,7608,5.8,-114.6,4110,32.16,20.41
"2-2 MUR","Summer","MUR",2410,6.67,12.32,1798,35.27,-29.07,2.974,3.631,0.68,-5.67,0.42,7605,5.73,-112.08,4161,31.77,17.03
"2-20 MUR","Summer","MUR",2358,6.1,12.39,2133,39.58,-29.36,3.213,2.221,0.38,-5.88,0.44,5823,4.07,-107.08,4247,29.88,23.49
"2-3 MUR","Summer","MUR",2528,6.41,12.44,2242,40.41,-29.53,3.028,2.934,0.54,-6.5,0.44,8222,5.79,-108.6,4577,33.68,20.54
"2-4 MUR","Summer","MUR",2440,6.43,12.05,2185,40.97,-29.65,3.059,3.779,0.69,-6.25,0.46,9269,6.26,-108.33,5055,36.22,18.27
"2-5 MUR","Summer","MUR",2834,7.38,12.34,2414,44.48,-29.62,3.091,3.797,0.68,-4.41,0.45,8087,5.59,-104.74,5029,36.2,23.47
"2-6 MUR","Summer","MUR",2816,7.73,11.96,2109,40.82,-29.24,3.053,3.052,0.55,-5.29,0.45,8962,6.19,-108.06,4938,35.84,18.48
"2-7 MUR","Summer","MUR",2322,5.33,11.84,2296,37.42,-29.93,3.051,2.54,0.46,-5.23,0.46,9159,6.19,-105.32,5120,36.09,21.89
"2-8 MUR","Summer","MUR",1967,5.16,12.15,2032,37.43,-29.84,3.317,4.018,0.67,-5.9,0.44,9771,6.78,-116.84,5263,38.69,20.14
"2-9 MUR","Summer","MUR",3250,7.68,12.03,2331,39.18,-29.42,3.126,3.087,0.54,-5.72,0.46,8335,5.59,-110.41,5085,36.05,21.91
"3-1 PDS","Summer","PDS",2718,6.13,11.71,2201,35.49,-29.61,3.054,2.823,0.51,-5.24,0.43,6975,4.92,-96.8,3803,28.19,18.06
"3-10 PDS","Summer","PDS",3498,9.24,12.59,1970,37.04,-29.29,3.092,2.582,0.46,-4.89,0.47,7900,5.1,-103.44,4756,32.49,14.28
"3-11 PDS","Summer","PDS",1608,3.92,10.98,1837,31.74,-29.82,3.055,2.446,0.44,-5.85,0.45,8475,5.56,-107.05,4306,30.19,16.28
"3-12 PDS","Summer","PDS",2799,6.1,11.12,2162,33.91,-29.52,3.221,2.358,0.4,-4.95,0.46,6906,4.5,-95.01,4496,30.75,19.72
"3-13 PDS","Summer","PDS",1658,4.05,11.6,1426,24.51,-29.66,3.299,2.689,0.44,-5.11,0.5,9534,5.58,-100.42,5405,33.67,20.78
"3-14 PDS","Summer","PDS",1512,3.95,12.09,1245,22.92,-29.22,3.043,2.634,0.47,-4.74,0.43,5637,3.91,-89.25,3934,28.8,17.81
"3-15 PDS","Summer","PDS",3162,7.78,11.56,2080,36.69,-29.32,3.162,3.342,0.58,-5.15,0.4,6973,5.18,-102.97,3566,28.1,15.82
"3-16 PDS","Summer","PDS",1872,4.93,11.34,1427,26.66,-29.24,3.196,3.166,0.54,-5.06,0.43,7202,5,-100.33,4111,30.11,16.26
"3-17 PDS","Summer","PDS",2040,5.22,11.51,1629,29.57,-29.1,3.355,3.466,0.56,-5.5,0.45,7270,4.82,-98.34,4494,31.76,17.3
"3-18 PDS","Summer","PDS",3249,7.66,11.12,2259,38.5,-29.37,3.202,3.197,0.54,-5.22,0.48,9219,5.67,-101.93,5043,33.54,18.92
"3-19 PDS","Summer","PDS",2857,7.7,11.56,1859,35.79,-29.45,3.068,3.024,0.53,-5.49,0.45,6787,4.52,-92,4245,29.81,17.74
"3-2 PDS","Summer","PDS",5400,12.77,13.2,2503,42.92,-28.77,3.079,4.1,0.73,-5.19,0.4,6439,4.86,-105.87,3418,26.69,12.87
"3-20 PDS","Summer","PDS",2453,5.77,12.24,1531,25.63,-28.6,3.109,2.897,0.51,-4.56,0.49,6769,4.1,-96.89,4253,27.44,15.31
"3-3 PDS","Summer","PDS",739,1.75,11.88,633,10.32,-27.27,3.355,2.749,0.45,-5.16,0.48,5731,3.68,-92.68,3974,26.4,17.07
"3-4 PDS","Summer","PDS",1948,4.87,11.8,1460,25.7,-29.31,3.186,2.85,0.49,-5.27,0.43,7401,5.16,-102.47,3940,29.5,14.92
"3-5 PDS","Summer","PDS",2347,6.46,12.41,1424,27.64,-28.86,3.038,2.927,0.53,-4.66,0.4,7572,5.66,-116.52,3719,30.14,16.19
"3-6 PDS","Summer","PDS",2256,5.51,11.69,1401,24.19,-28.95,3.245,4.278,0.72,-5.11,0.43,5763,4.12,-103.41,3564,27.09,11.78
"3-7 PDS","Summer","PDS",2469,6.14,11.95,1816,32.13,-29.35,3.161,3.125,0.54,-5.22,0.5,8823,5.29,-83.87,5571,35.79,20.99
"3-8 PDS","Summer","PDS",3079,7.43,11.99,2130,36.91,-29.51,3.097,3.45,0.61,-5.39,0.5,10253,6.01,-91.24,6080,38.77,21.24
"3-9 PDS","Summer","PDS",3006,8.06,12.1,1828,34.9,-29.02,3.015,3.209,0.58,-4.89,0.4,6107,4.63,-97.21,3771,29.84,17.52
"4-1 PUS","Summer","PUS",2597,6.4,13.1,1883,33.22,-29.04,3.077,3,0.54,-4.54,0.43,7682,5.13,-102.77,4397,31.77,17.81
"4-11 PUS","Summer","PUS",2097,5.03,12.88,1932,33.17,-29.31,3.195,2.106,0.33,-5.4,0.43,8148,5.19,-91.89,4690,30.95,28.41
"4-12 PUS","Summer","PUS",2036,5.13,13.17,1376,24.49,-28.83,3.016,1.775,0.29,-5.61,0.44,8378,5.29,-103.34,4555,29.75,23.79
"4-13 PUS","Summer","PUS",2805,6.59,13.11,1962,33.06,-28.89,3.051,2.969,0.48,-5.52,0.41,8291,5.58,-104.57,4443,30.56,21.02
"4-14 PUS","Summer","PUS",3437,8.01,12.99,2494,42.33,-29.18,3.145,2.319,0.37,-5.96,0.41,8704,5.91,-104.28,4621,32.15,28.95
"4-15 PUS","Summer","PUS",1856,5,13.05,1617,30.99,-29.09,3.22,2.552,0.39,-5.87,0.49,9432,5.34,-99.62,5070,29.75,25.77
"4-16 PUS","Summer","PUS",4500,10.13,12.87,2584,42.49,-28.84,2.939,2.449,0.41,-5.85,0.44,8278,5.22,-106.69,4308,27.96,22.13
"4-17 PUS","Summer","PUS",3059,8.16,13.05,2154,41.35,-29.1,3.171,2.78,0.43,-6.05,0.5,7776,4.34,-98.16,4696,26.62,22.4
"4-18 PUS","Summer","PUS",2623,6.4,13.23,2218,39.05,-29.69,3.212,2.823,0.43,-5.55,0.51,9622,5.22,-97.29,5385,30.41,23.9
"4-19 PUS","Summer","PUS",1809,4.31,13.43,1146,19.2,-27.78,3.186,2.737,0.43,-5.7,0.51,5894,3.24,-88.66,3833,21.5,11.97
"4-2 PUS","Summer","PUS",2810,6.74,13.37,1907,32.82,-29.12,3.105,3.682,0.65,-5.19,0.45,8245,5.38,-109.34,4279,30.35,14.25
"4-20 PUS","Summer","PUS",3759,8.55,14.19,2197,36.08,-28.91,3.057,2.972,0.48,-5.79,0.44,8907,5.59,-95.28,4457,29.19,17.98
"4-3 PUS","Summer","PUS",2449,5.95,13.03,1586,27.33,-28.48,3.062,3.255,0.58,-4.69,0.43,5601,3.87,-103.34,3623,26.72,18.64
"4-4 PUS","Summer","PUS",2977,7.44,12.44,2449,44.35,-29.92,3.069,2.641,0.47,-5.13,0.45,9481,6.06,-102.31,5535,38.37,22.18
"4-5 PUS","Summer","PUS",2627,6.74,13.01,2120,39.12,-29.42,2.994,2.461,0.45,-4.98,0.44,8773,5.76,-100.89,4871,34.42,22.2
"4-6 PUS","Summer","PUS",2333,5.79,13.27,1743,30.75,-29.26,3.18,2.791,0.48,-4.7,0.44,9065,5.92,-107.03,4674,33.12,19.48
"4-7 PUS","Summer","PUS",2891,7.01,12.97,2390,41.94,-29.44,3.028,2.421,0.4,-4.79,0.42,8304,5.75,-110.09,4313,31.92,21.49
"4-8 PUS","Summer","PUS",2658,7,13.29,1988,37.54,-29.3,3.115,2.913,0.47,-4.94,0.46,9762,6.1,-105.52,5435,36.79,22.47
"4-9 PUS","Summer","PUS",2913,7.38,12.95,1878,34.07,-28.76,3.02,2.723,0.45,-5.72,0.46,7993,4.83,-99.55,4174,26.31,18.35
"5-1 TUS","Summer","TUS",2454,5.23,12.03,2306,35.45,-32.01,3.14,2.341,0.37,-8.58,0.51,8966,4.92,-97.82,5355,30.3,23.68
"5-10 TUS","Summer","TUS",2034,5.27,12.18,1869,34.65,-31.93,3.214,3.412,0.55,-8.78,0.54,11995,6.07,-100.92,5304,28.23,16.64
"5-11 TUS","Summer","TUS",4936,11.8,12.93,2416,42.22,-30.91,2.947,3.18,0.56,-8.48,0.5,10999,5.87,-106.64,4706,26.22,15.66
"5-12 TUS","Summer","TUS",5929,13.38,12.97,2754,45.68,-31.45,3.209,2.598,0.42,-8.4,0.41,7543,5.09,-117.21,3484,24.21,14.83
"5-14 TUS","Summer","TUS",2183,6.01,12.53,1818,35.81,-32.1,3.024,3.447,0.59,-9.51,0.48,9364,5.35,-94.56,6481,38.25,37.82
"5-15 TUS","Summer","TUS",4604,10.8,12.69,2427,41.58,-31.22,30.26,2.647,0.05,-8.76,0.54,8482,4.28,-104.74,5298,27.67,23.02
"5-16 TUS","Summer","TUS",1448,3.84,12.39,1504,28.37,-32,3.087,3.144,0.53,-8.72,0.49,8559,4.81,-99.61,5542,32.4,30.76
"5-17 TUS","Summer","TUS",4115,9.57,12.8,2130,35.85,-31.21,2.999,2.998,0.52,-8.87,0.43,5675,3.74,-102.07,4242,28.41,26.03
"5-18 TUS","Summer","TUS",4441,11.57,12.5,2370,44.95,-30.89,2.994,3.006,0.52,-8.91,0.48,10263,5.79,-111.94,4759,28.7,19.42
"5-19 TUS","Summer","TUS",2997,7.88,11.4,2374,45.41,-31.05,3.099,1.958,0.33,-9.65,0.43,9452,5.99,-106.02,5439,35.86,23.6
"5-2 TUS","Summer","TUS",2351,5.41,12.1,2032,33.64,-31.9,3.151,2.004,0.32,-8.6,0.56,10913,5.3,-89.75,6622,33.89,31.39
"5-20 TUS","Summer","TUS",3142,7.74,12.73,2414,43.34,-32.07,3.123,2.808,0.47,-9,0.47,8846,5.15,-115.15,3593,21.59,11.6
"5-3 TUS","Summer","TUS",2293,5.86,12.57,1498,27.1,-30.86,2.999,1.412,0.23,-8.52,0.46,5196,3.22,-107.01,3926,24.29,20.36
"5-4 TUS","Summer","TUS",1998,5.59,12.28,1243,24.54,-30.56,3.074,3.101,0.5,-8.33,0.5,7002,3.9,-108.43,4136,24,14.31
"5-5 TUS","Summer","TUS",2997,7.75,11.96,2043,37.97,-31.58,3.102,2.89,0.46,-8.93,0.44,7156,4.49,-116.67,4256,28.19,23.08
"5-6 TUS","Summer","TUS",1998,5.27,11.62,1853,34.99,-31.67,3.127,2.551,0.41,-9.06,0.48,8716,5.01,-106.73,4806,29.36,20.28
"5-8 TUS","Summer","TUS",2423,6.45,12.54,2162,41.31,-32.35,3.01,3.346,0.55,-9.29,0.42,7310,4.76,-110.89,4040,27.59,16.37
"5-9 TUS","Summer","TUS",1646,4.35,12.43,2120,40.33,-32.84,3.06,2.654,0.43,-9.41,0.43,7003,4.56,-115.06,4159,28.32,22.55
"6-1 TDS","Summer","TDS",3112,7.73,11.62,2110,38.01,-31.66,3.02,2.242,0.38,-7.74,0.49,11332,6.2,-104.57,6075,35.43,20.18
"6-10 TDS","Summer","TDS",2606,6.28,11.62,2420,42.29,-32.09,3.019,2.699,0.45,-7.41,0.48,10011,5.63,-102.83,6064,35.47,26.69
"6-11 TDS","Summer","TDS",2382,5.71,11.92,1733,29.78,-31.41,2.974,2.414,0.41,-7.56,0.45,8002,4.91,-102.37,5112,32.3,25
"6-12 TDS","Summer","TDS",2734,6.71,11.45,2255,40,-31.65,3.133,3.509,0.56,-7.93,0.43,9022,5.74,-111.79,5075,33.45,22.17
"6-13 TDS","Summer","TDS",2575,5.68,13.97,1513,23.84,-31.48,3.175,3.278,0.52,-7.47,0.41,6069,4.03,-113.57,2894,19.67,14.55
"6-14 TDS","Summer","TDS",2426,6.72,11.33,1962,39.03,-32.04,3.186,2.321,0.37,-8.21,0.43,8933,5.61,-117.87,5574,35.97,26.84
"6-15 TDS","Summer","TDS",3914,9.91,11.54,2363,43.63,-31.57,3.142,3.565,0.57,-7.77,0.4,7330,5.02,-108.85,4722,33.37,20.91
"6-16 TDS","Summer","TDS",2824,7.92,12.04,1784,35.83,-31.66,3.184,4.097,0.65,-7.53,0.42,6592,4.38,-128.69,3727,26.06,15.38
"6-17 TDS","Summer","TDS",3468,8.41,11.68,2114,37.13,-31.75,3.267,3.134,0.48,-8.2,0.47,8064,4.72,-109.79,4822,29.35,20.52
"6-18 TDS","Summer","TDS",2085,5.09,11.35,2011,35.32,-32.32,3.278,3.131,0.48,-7.74,0.48,9662,5.46,-122.16,5459,32.8,21.66
"6-19 TDS","Summer","TDS",2815,7.54,12.04,1803,34.51,-31.4,3.029,3.892,0.65,-7.43,0.49,8781,4.96,-116.04,4825,28.81,18.13
"6-20 TDS","Summer","TDS",1809,4.38,11.52,2161,37.7,-32.35,3.111,3.006,0.49,-7.14,0.4,9007,6.17,-122.77,4798,33.84,21.49
"6-3 TDS","Summer","TDS",2404,5.66,11.58,2302,39.33,-32.28,3.032,2.687,0.46,-7.8,0.43,8720,5.57,-122.83,4710,31.58,19.98
"6-4 TDS","Summer","TDS",3377,8.58,11.7,1940,35.66,-31.5,3.093,2.784,0.45,-8.02,0.48,8958,5.18,-131.24,4817,28.83,18.54
"6-5 TDS","Summer","TDS",2257,5.82,11.48,1700,31.32,-31.84,3.049,3.257,0.54,-7.88,0.47,7912,4.57,-128.34,4189,25.28,17.6
"6-6 TDS","Summer","TDS",3100,7.67,12.04,1761,31.37,-31.24,2.92,4.009,0.69,-7.89,0.54,9739,4.89,-107.16,4723,25.04,12.2
"6-7 TDS","Summer","TDS",3918,8.51,11.83,2559,40.63,-32,3.171,3.632,0.58,-8.02,0.46,9258,5.44,-115.79,5451,33.37,22.72
"6-8 TDS","Summer","TDS",2281,6.12,11.57,2024,39.09,-32.26,3.132,2.308,0.37,-8.1,0.42,9282,6.06,-115.94,4642,31.57,18.44
"6-9 TDS","Summer","TDS",2978,7.49,12,2161,39.3,-31.81,2.945,2.505,0.43,-8.16,0.4,7394,5.13,-123.18,4214,29.5,20.36
"7-1 MDS","Fall","MDS",2114,6.45,14.53,1672,35.33,-32.99,2.094,3.26,0.41,-5.54,0.39,7182,4.76,-104.83,3168,28.86,19.74
"7-11 MDS","Fall","MDS",2999,9.93,14.95,1848,42.68,-32.07,2.1,4.686,0.58,-6.52,0.43,9445,5.47,-105.96,3045,24.26,18.58
"7-12 MDS","Fall","MDS",2606,7.77,15.65,1727,36.65,-32.57,2.128,3.351,0.41,-6.21,0.4,8486,5.37,-104.47,3316,28.89,18.71
"7-13 MDS","Fall","MDS",1834,5.37,15.34,1214,24.39,-31.35,2.084,4.125,0.5,-4.64,0.43,7422,4.39,-109.68,3090,25.42,16.94
"7-14 MDS","Fall","MDS",2338,6.11,16.09,1525,28.4,-32.05,2.046,3.739,0.47,-5.15,0.35,5886,4.25,-101.88,2760,26.97,16.01
"7-15 MDS","Fall","MDS",3674,9.64,16.27,2170,41.3,-32.18,2.592,2.846,0.49,-5.8,0.44,10044,5.68,-99.83,3789,30.17,19.35
"7-16 MDS","Fall","MDS",2970,7.83,15.27,2122,40.3,-31.72,3.603,2.203,0.27,-4.53,0.4,8507,5.32,-91.31,3549,30.84,24.68
"7-17 MDS","Fall","MDS",2882,8.34,15.71,1774,36.67,-32.02,2.058,2.882,0.62,-5.97,0.44,7256,4.17,-106.35,2859,22.55,18.02
"7-19 MDS","Fall","MDS",3247,9.36,16.07,1959,40.56,-31.99,2.198,2.689,0.54,-5.72,0.46,10205,5.58,-99.77,3955,30.14,20.68
"7-2 MDS","Fall","MDS",1910,5.05,15.08,1196,21.58,-31.25,2.118,4.415,0.55,-4.64,0.35,7299,5.27,-104.39,2998,30.05,14.91
"7-20 MDS","Fall","MDS",1746,5.05,15.12,1275,26.03,-31.67,2.538,2.622,0.46,-6.26,0.42,8498,5.16,-101.31,3581,30.04,18.18
"7-3 MDS","Fall","MDS",3374,11.01,16.01,1847,42.1,-31.73,2.04,4.946,0.64,-4.81,0.39,7346,4.84,-102.25,2951,26.9,18.11
"7-4 MDS","Fall","MDS",2527,7.95,15.59,1749,39.06,-32.31,2.046,4.088,0.53,-5.26,0.42,9642,5.75,-101.52,3631,30.71,19.83
"7-5 MDS","Fall","MDS",2992,9.09,15.74,1805,39.18,-31.8,2.017,4.206,0.55,-5,0.36,6256,4.46,-103.2,2710,26.59,16.76
"7-6 MDS","Fall","MDS",2166,6.35,15.95,1860,38.02,-33.06,2.124,2.922,0.36,-7.21,0.4,7475,4.72,-97.12,3235,28.61,23.7
"7-7 MDS","Fall","MDS",2719,7.48,15.36,2235,44.22,-33.24,2.106,3.441,0.43,-7.04,0.35,7629,5.66,-111.29,3196,32.4,22.5
"7-9 MDS","Fall","MDS",1649,5.48,14.96,1127,25.58,-31.43,2.043,4.775,0.61,-4.59,0.44,9383,5.41,-98.77,3653,29.48,19.05
"8-1 MUR","Fall","MUR",2160,7.32,12.77,1518,36.33,-29.32,2.08,3.38,0.42,-6.86,0.44,8283,4.77,-104.22,3257,26.35,18.2
"8-10 MUR","Fall","MUR",2101,6.2,11.98,1683,35.72,-28.73,2.042,4.785,0.62,-6.58,0.45,9295,5.16,-102.46,3716,29.44,21.5
"8-11 MUR","Fall","MUR",2320,6.12,12.66,1967,37.11,-29.33,2.079,4.57,0.57,-7.95,0.38,5843,4,-97.77,2605,24.26,19.9
"8-12 MUR","Fall","MUR",2418,7.28,12.14,1706,36.41,-28.8,2.196,6.455,0.77,-7.23,0.42,7841,4.81,-107.23,3018,25.64,16.4
"8-13 MUR","Fall","MUR",2503,7.72,12.96,1722,37.8,-29.64,2.037,4.663,0.6,-7.97,0.34,9440,7.03,-98.71,4068,41.83,21.36
"8-14 MUR","Fall","MUR",3080,8.53,12.72,1914,38.29,-29.6,2.26,6.38,0.74,-7.91,0.46,9603,5.34,-106.31,3562,27.35,18.5
"8-15 MUR","Fall","MUR",2656,6.95,12.46,1666,31.04,-28.86,2.092,6.091,0.76,-6.78,0.45,9249,5.08,-105.52,3429,26.97,14.58
"8-16 MUR","Fall","MUR",2899,8.25,12.27,1963,40.42,-29.32,1.995,4.76,0.63,-7.51,0.42,8415,5.13,-105.71,3382,28.68,20.82
"8-17 MUR","Fall","MUR",2356,6.77,11.96,2057,42.6,-30.1,2.053,3.949,0.5,-8.37,0.41,10307,6.3,-109.76,3868,32.69,23.09
"8-18 MUR","Fall","MUR",2495,7.37,12.73,1774,37.49,-29.45,2.059,4.168,0.55,-3.95,0.43,8272,4.88,-108.23,3299,27.14,16.31
"8-19 MUR","Fall","MUR",3326,10.18,12.32,1930,42.71,-29.01,2.114,3.351,0.43,-5.77,0.42,9357,5.69,-105.68,3733,32.03,18.75
"8-2 MUR","Fall","MUR",2803,7.95,12.1,2040,41.62,-29.52,2.131,3.583,0.44,-7.16,0.4,8835,5.59,-107.52,3403,30.07,22.92
"8-20 MUR","Fall","MUR",2272,6.98,12.92,1643,36.13,-29.08,2.06,3.437,0.45,-5.35,0.38,7982,5.38,-105.38,3364,31.49,22.06
"8-3 MUR","Fall","MUR",2385,7.15,12.2,1739,37.23,-29.32,2.139,2.485,0.31,-7.67,0.39,7859,5.21,-106.62,3123,28.69,20.43
"8-4 MUR","Fall","MUR",3212,8.97,11.48,2043,41.1,-29.52,2.055,4.021,0.52,-5.7,0.39,8396,5.45,-109.67,3015,27.63,18.36
"8-5 MUR","Fall","MUR",3143,9.08,12.98,1717,35.68,-29.51,2.31,6.624,0.76,-7.81,0.36,8022,5.6,-112.47,2560,24.86,13.56
"8-6 MUR","Fall","MUR",2523,7.15,12.41,1858,37.67,-29.74,2.129,3.637,0.45,-7.06,0.42,8839,5.38,-107.76,3541,29.54,21.69
"8-7 MUR","Fall","MUR",2308,6.8,12.45,1789,37.5,-29.18,1.987,3.544,0.47,-7.23,0.44,9013,5.17,-103.89,3756,30.21,20.86
"8-8 MUR","Fall","MUR",2782,8.49,12.89,1873,40.98,-29.6,2.093,4.653,0.59,-8.11,0.41,10703,6.64,-105.29,3757,32.15,18.19
"8-9 MUR","Fall","MUR",2877,8.11,12.31,1939,39.47,-29.42,1.99,4.235,0.56,-6.8,0.41,8550,5.32,-103.27,3501,30.68,19.65
"9-1 TUS","Fall","TUS",2967,8.57,12.76,1755,35.24,-31.16,1.851,1.635,0.39,-9.83,0.44,8664,4.97,-106.43,3423,27.32,13.51
"9-10 TUS","Fall","TUS",1906,5.43,13.04,1090,21.48,-30.82,1.983,1.992,0.44,-10.13,0.43,7907,4.72,-110.12,3434,27.71,12.46
"9-11 TUS","Fall","TUS",3190,9.46,12.66,1922,39.91,-31.07,2.409,2.145,0.39,-9.47,0.43,9970,5.83,-106.74,3851,31.01,15.46
"9-12 TUS","Fall","TUS",2470,6.96,12.88,1456,29.12,-30.01,2.203,1.727,0.34,-8.7,0.38,6663,4.53,-115.6,2855,26.02,12.05
"9-13 TUS","Fall","TUS",2516,7.67,12.87,1647,35.78,-31.23,2.171,1.992,0.4,-9.67,0.41,10034,6.24,-107.25,3900,33.55,16.15
"9-14 TUS","Fall","TUS",2294,6.57,12.74,1354,26.89,-30.59,2,1.783,0.39,-9.73,0.41,8232,5.06,-109.48,3167,26.77,14.01
"9-15 TUS","Fall","TUS",2886,9.06,12.58,1805,40.4,-31.46,2.203,2.036,0.41,-10.25,0.36,8033,5.67,-105.66,3112,29.99,17.84
"9-16 TUS","Fall","TUS",2825,8.28,12.81,1923,39.51,-31.17,2.268,1.74,0.34,-9.97,0.42,9161,5.52,-107.63,3718,30.93,18.68
"9-17 TUS","Fall","TUS",3063,9.44,12.99,1779,38.24,-31.11,2,2.501,0.55,-10,0.41,9455,5.92,-112.07,3531,30.19,14.21
"9-18 TUS","Fall","TUS",2227,6.5,12.59,1437,29.53,-30.62,2.74,2.119,0.34,-10.4,0.41,7973,4.97,-108.39,3326,28.4,15.48
"9-19 TUS","Fall","TUS",3346,10.03,12.48,1999,42.15,-31.31,2.268,5.622,1.09,-10.35,0.41,9738,5.88,-106.27,3629,30,16.96
"9-2 TUS","Fall","TUS",2871,8.35,12.45,1704,35.3,-30.91,2.389,2.374,0.44,-9.69,0.41,9813,5.96,-104.47,3724,32.01,14.09
"9-20 TUS","Fall","TUS",2702,8.29,12.6,1900,40.79,-31.56,2.234,1.7,0.33,-9.94,0.43,9793,5.76,-108.76,3710,29.74,17.68
"9-4 TUS","Fall","TUS",3257,9.68,12.81,1850,38.56,-31.35,2.155,2.341,0.48,-9.87,0.47,11037,5.87,-108.41,3788,28.4,12.43
"9-5 TUS","Fall","TUS",3035,9.48,12.75,1750,39.02,-31.14,2.092,1.999,0.42,-10.25,0.39,8843,5.64,-107.87,3313,29.44,14.71
"9-6 TUS","Fall","TUS",3389,10.52,12.76,1851,40.21,-31,1.955,2.341,0.53,-9.98,0.39,8174,5.31,-115.71,2774,24.68,12.43
"9-7 TUS","Fall","TUS",1957,5.25,12.73,1193,22.18,-30.29,2.673,2.477,0.41,-10.14,0.39,7583,4.95,-108.23,3233,29.13,16
"9-8 TUS","Fall","TUS",2868,8.86,12.64,1860,40.16,-30.98,2.534,2.442,0.42,-10.08,0.43,9745,5.59,-101.8,3733,29.89,17.83
"9-9 TUS","Fall","TUS",3400,9.45,12.8,2123,42.42,-31.28,2,1.991,0.44,-10.09,0.43,10672,6.09,-104.57,3580,28.08,16.76
